{"id": "delete_wip_f5_wrapper", "scriptContent": "import re\nimport sys\n\nsys.path.append(AVX::DEPENDENCIES)\nsys.path.append(AVX::HELPER)\n\nfrom dblayer.appviewx.device import Device\nfrom dblayer.f5 import WideIps, Topologies\n\ndef get_pool_name_parameter(wip_name, wip_pool_list, lb_method):\n    \"\"\"Function return the pool name in string format\"\"\"\n    pool_names_str=\" \"\n    for each_pool in wip_pool_list:\n        pool_detail = each_pool #coll_me_adc.find_one({\"code\" : \"gp\", \"_id\":each_pool})\n        ratio = 1\n        order = 0\n        order = 0\n        try:\n            for _ratio in pool_detail.ratios:\n                if _ratio.name == wip_name:\n                    ratio = _ratio.ratio\n                    order = _ratio.order\n                    break\n        except:\n            pass\n        if lb_method ==\"ratio\":\n            pool_names_str += pool_detail.name+' '+' { ratio '+str(ratio)+' order '+str(order)+' }' + ' '\n        else:\n            pool_names_str += pool_detail.name+' '+' { order '+str(order)+' }' + ' '\n    return pool_names_str\n\ndef operation_wideip_topology(device_id, pool_names, purpose = \"Implementation\"):\n    cmd = []\n    for each_pool in pool_names:\n        # Topologies.objects(code=\"gtt\", device=device_id, config_data=\".*pool .*{0} .*\".format(each_pool.name))\n        # for topo in coll_me_adc.find({\"code\": \"gtt\", \"deviceId\": device_id, \"configData\": {\"$regex\": '.*pool .*{0} .*'.format(each_pool)}}):\n        for topo in each_pool.topologies: #.objects(code=\"gtt\", device=device_id, config_data=\".*pool .*{0} .*\".format(each_pool.name)):\n            if topo.config_data not in [\"\",\"null\",None,\" \"]:\n                if purpose == \"Implementation\":\n                    cmd.append(\"delete \" + topo.config_data.split(\"{\")[0])\n                elif purpose == \"rollback\":\n                    config_data =  topo.config_data.replace(\"\\n\",\" \").replace(\"   \",\" \")\n                    obj = re.search(\".*{.* (score \\d+) }\", config_data)\n                    config_data = obj.group(1) if obj else \"\"\n                    cmd.append(\"create \" + topo.config_data.split(\"{\")[0] +\" \"+config_data)\n                else:\n                    cmd.append(\"list \" + topo.config_data.split(\"{\")[0])\n    return cmd\n\n\ndef get_delete_pool_name(device_id, wip_name, wip_pool):\n    wideip = WideIps.objects.get(name=wip_name, device=device_id)\n    return [gp for gp in wideip.gp]\n\n\ndef operation_wideip(device_version, wip_name, wip_dict = None, purpose = \"Implementation\"):\n    cmd = []\n    if purpose == \"Implementation\":\n        if device_version in [\"v12\", \"v13\"]:\n            cmd.append(\"delete gtm wideip a \" +wip_name )\n        else:\n            cmd.append(\"delete gtm wideip \" +wip_name )\n    elif purpose == \"rollback\":\n        wip_pool_name = get_pool_name_parameter(wip_name, wip_dict[\"wip_pool_list\"], wip_dict[\"wip_lb\"])\n        if device_version in ['v12', 'v13']:\n            if len(wip_pool_name)>2:\n                cmd_str = 'create gtm wideip a ' + wip_name+ ' { disabled pools add { '+ wip_pool_name +' } '\n            else:\n                cmd_str = 'create gtm wideip a ' + wip_name+ ' { disabled '\n        else:\n            if len(wip_pool_name)>2:\n                cmd_str = 'create gtm wideip ' + wip_name+ ' { disabled pools add { '+ wip_pool_name +' } '\n            else:\n                cmd_str = 'create gtm wideip ' + wip_name+ ' { disabled '\n        if wip_dict[\"wip_alias\"]:\n            cmd_str += ' aliases add { ' + \" \".join(wip_dict[\"wip_alias\"].split(\",\")) + ' } '\n        if wip_dict[\"rules\"]:\n            if device_version in [\"v12\", \"v13\"]:\n                cmd_str += ' rules { ' + \" \".join(wip_dict[\"rules\"]) + ' } '\n            else:\n                cmd_str += ' rules add { ' + \" \".join(wip_dict[\"rules\"]) + ' } '\n        if wip_dict[\"wip_persistence\"] ==\"enabled\":\n            if wip_dict[\"ttl\"] not in [\"\",\" \", None]:\n                cmd_str += ' persistence enabled ttl-persistence '+str(wip_dict[\"ttl\"])+' }'\n            else:\n                cmd_str += ' persistence enabled } '\n        else:\n            cmd_str += ' persistence disabled }'\n        cmd.append(cmd_str)\n    else:\n        if device_version in ['v12', 'v13']:\n            cmd.append('list gtm wideip a ' + wip_name)\n            cmd.append('show gtm wideip a ' + wip_name)\n        else:\n            cmd.append('list gtm wideip ' + wip_name)\n            cmd.append('show gtm wideip ' + wip_name)\n    return cmd\n\n# def operation_virtual_server(device_id, pool_name, purpose):\n#     server_names = []\n#     server_command = []\n#     cmd = []\n#     coll_me_adc = db.me_adc\n#     pool_member_list = coll_me_adc.find_one({\"name\":pool_name,\"partition\" : \"Common\", \"code\":\"gp\",\"deviceId\":device_id})[\"gpm\"]\n#     for each_mem in pool_member_list:\n#         if each_mem.split(\"::\")[-1] not in server_names:\n#             server_names.append(each_mem.split(\"::\")[-1])\n#     for each_pool in coll_me_adc.find({\"code\":\"gp\",\"deviceId\":device_id,\"partition\" : \"Common\", \"name\":{\"$nin\":[pool_name]}}):\n#         for each_mem in each_pool[\"gpm\"]:\n#             if each_mem.split(\"::\")[-1] in server_names:\n#                 server_names.remove(each_mem.split(\"::\")[-1])\n#     for each_server in server_names:\n#         for each_mem in pool_member_list:\n#             if each_mem.split(\"::\")[-1] in server_names:\n#                 server_detail = coll_me_adc.find_one({\"partition\" : \"Common\", \"code\":\"gpm\",\"_id\":each_mem})\n#                 if purpose == \"Implementation\":\n#                     server_command.append('modify gtm server \"'+ server_detail[\"serverName\"] +'\" virtual-servers delete { \"'+ server_detail['memberName'] +'\" }')\n#                 elif purpose == \"rollback\":\n#                     server_command.append('modify gtm server \"'+ server_detail[\"serverName\"] +'\" virtual-servers add { \"'+ server_detail['memberName'] +'\" { destination '+server_detail['ip']+':'+server_detail['port'] +' } }')\n#                 else:\n#                     cmd.append('show gtm server ' + val[\"gh_gtm_server\"])\n#                     cmd.append('list gtm server ' + val[\"gh_gtm_server\"])\n#     return server_command\n\ndef get_pool_monitor(device_id, pool_name):\n    mon_str = \"\"\n    mon_member_list = pool_name.monitor_objects\n    # mon_member_list = coll_me_adc.find_one({\"name\":pool_name,\"partition\" : \"Common\", \"code\":\"gp\",\"deviceId\":device_id})[\"monitors\"]\n    for each in mon_member_list:\n        mon_str = mon_str+ \" \"+each.name.split(\"/\")[-1]+\" and \"\n    return mon_str[:-4] if len(mon_str)>1 else mon_str\n\ndef get_rollback_pool_command(version, device_id, pool_name):\n    monitor_string = get_pool_monitor(device_id, pool_name)\n    pool_detail = pool_name #coll_me_adc.find_one({\"name\":pool_name,\"partition\" : \"Common\", \"code\":\"gp\",\"deviceId\":device_id})\n    if version in ['v12', 'v13']:\n        pool_command = 'create gtm pool a '+pool_name.name+' load-balancing-mode '+pool_detail.preferred_lb\n    else:\n        pool_command = 'create gtm pool '+pool_name.name+' load-balancing-mode '+pool_detail.preferred_lb\n    if monitor_string not in [\"\",\" \"]:\n        pool_command += ' monitor ' + monitor_string + \" \"\n    if len(pool_detail.pool_members):\n        pool_command += ' members add { '\n        for val in pool_detail.pool_members:\n            pool_mem_detail = val#  coll_me_adc.find_one({\"_id\":val,\"partition\" : \"Common\", \"code\":\"gpm\",\"deviceId\":device_id})\n            if pool_detail.preferred_lb == 'ratio':\n                if version in ['v12', 'v13']:\n                    pool_command += '\"'+pool_mem_detail.server_name+'\":'+pool_mem_detail.member_name+' { ratio '+str(pool_mem_detail.ratio)+' member-order '+str(pool_mem_detail.order) +' } '\n                else:\n                    pool_command += '\"'+pool_mem_detail.server_name+'\":'+pool_mem_detail.member_name+' { ratio '+str(pool_mem_detail.ratio)+' order '+str(pool_mem_detail.order) +' } '\n            else:\n                if version in ['v12', 'v13']:\n                    pool_command += '\"'+pool_mem_detail.server_name+'\":'+pool_mem_detail.member_name+' { member-order '+str(pool_mem_detail.order) +' } '\n                else:\n                    pool_command += '\"'+pool_mem_detail.server_name+'\":'+pool_mem_detail.member_name+' { order '+str(pool_mem_detail.order) +' } '\n        pool_command += '}'\n    pool_command += ' alternate-mode '+ str(pool_detail.alternate) +' fallback-mode '+ str(pool_detail.fallback)\n    if pool_detail.fallback == \"fallback-ip\":\n        fallback_ip = pool_detail.config_data.replace(\"\\n\",\"\")\n        try:\n            fallback_ip = re.search(\".* (fallback-ip \\d+.\\d+.\\d+.\\d+ ) .*\",fallback_ip).group(1)\n            fallback_ip = fallback_ip.strip().split()[-1]\n        except Exception as exp:\n            fallback_ip =\"0.0.0.0\"\n        pool_command += ' fallback-ip '+fallback_ip\n    return pool_command\n\ndef operation_wideip_pool(version, device_id, list_pool_to_delete, purpose = \"Implementation\"):\n    cmd = []\n    cmd_server = []\n    for each_pool in  list_pool_to_delete:\n        if purpose == \"Implementation\":\n            if version in ['v12', 'v13']:\n                cmd.append('delete gtm pool a '+each_pool.name)\n            else:\n                cmd.append('delete gtm pool '+each_pool.name)\n            #cmd_server.extend(operation_virtual_server(device_id, each_pool, purpose))\n        elif purpose == \"list\":\n            if version in ['v12', 'v13']:\n                cmd.append('list gtm pool a '+each_pool.name)\n                cmd.append('show gtm pool a '+each_pool.name)\n            else:\n                cmd.append('list gtm pool '+each_pool.name)\n                cmd.append('show gtm pool '+each_pool.name)\n        elif purpose == \"rollback\":\n            #cmd_server.extend(operation_virtual_server(device_id, each_pool, purpose))\n            cmd.append(get_rollback_pool_command(version, device_id, each_pool))\n    return cmd\n", "scriptType": "Python", "name": "delete_wip_f5_wrapper", "description": ""}