{"id": "oob_f5_create_vip", "scriptContent": "\n\"\"\"\nCreated on 31 Jan 2018\nAuthor: Sujeesh Sahadevan\n\"\"\"\nimport sys\nimport json\n\nsys.path.insert(0, AVX::DEPENDENCIES)\nsys.path.insert(0, AVX::HELPER)\n\nimport appviewx\nimport paramiko\nimport logger_util\nimport Decrypt_Python3 as Decrypt\n\nlogger = logger_util.get_logger('OOB Create VIP - Master')\n\n\ndef get_device_info(db, device_name):\n    \"\"\"Return device id and version\n    \"\"\"\n    return db.device.find_one({'vendor': 'F5', 'category': 'ADC', 'subsystem': 'LoadBalancer', 'deviceType': 'LTM', 'name': device_name})\n\n\ndef add_cli_transaction(command_list, device_tmos_version):\n    \"\"\"Add batch mode commands\n    \"\"\"\n    if device_tmos_version.split('-')[0] not in ('11.4.1', '11.4.3', '11.5.2', '11.6.1', '12.0.0', '11.5.3') and command_list:\n        return ['create cli transaction'] + command_list + ['submit cli transaction']\n    else:\n        return command_list\n\ndef add_sync_command(device_version, device_sync_group):\n    \"\"\"Add device sync command\n    \"\"\"\n    sync_command = []\n    if device_sync_group:        \n        if device_version == \"v10\":\n            sync_command = [\"run sys config-sync\"]\n        else:\n            sync_command = [\"run cm config-sync to-group \" + device_sync_group]\n    return sync_command\n\n\ndef is_bash_shell(device_name, device_ip):\n    \"\"\"Check device launched in bash mode or not\n    \"\"\"\n    username, password = Decrypt.getpassword(device_name)\n    ssh_connection = paramiko.SSHClient()\n    ssh_connection.set_missing_host_key_policy(paramiko.AutoAddPolicy())\n    ssh_connection.connect(device_ip, username=username, password=password, look_for_keys=False, allow_agent=False)\n    if ssh_connection:\n        stdin, stdout, stderr = ssh_connection.exec_command('echo \"testing\"')\n        if \"Error\" in stderr.read().decode():\n            ssh_connection.close()\n            return False\n        else:\n            ssh_connection.close()\n            return True\n    else:\n        raise Exception('SSH connection failed for the device ' + device_name)\n\n\ndef create_profiles(action, **form):\n    \"\"\"Return commands for creating client ssl profile, server ssl profile and http profile\n    Args:\n        action(str): Purpose of the commands\n        form(dict): Form data\n    Returns:\n        list: List of commands to create profiles\n    \"\"\"\n    tmsh_commands = []\n    if form['client_ssl_opt'] == 'Create New Client SSL Profile':\n        if action == 'IMPLEMENT':\n            chain_cmd = (' chain ' + form['client_ssl_chain']) if form['client_ssl_chain'] else ''\n            cmd = 'create ltm profile client-ssl {name} cert {cert} key {key}{chain} defaults-from clientssl'.format(\n                    name=form['client_ssl_profile_name'], cert=form['client_ssl_cert'], key=form['client_ssl_key'], chain=chain_cmd)\n        elif action == 'ROLLBACK':\n            cmd = 'delete ltm profile client-ssl {name}'.format(name=form['client_ssl_profile_name'])\n        else:\n            cmd = 'list ltm profile client-ssl {name}'.format(name=form['client_ssl_profile_name'])\n        tmsh_commands.append(cmd)\n\n    if form['server_ssl_opt'] == 'Create New Server SSL Profile':\n        if action == 'IMPLEMENT':\n            chain_cmd = (' chain ' + form['server_ssl_chain']) if form['server_ssl_chain'] else ''\n            cmd = 'create ltm profile server-ssl {name} cert {cert} key {key}{chain} defaults-from serverssl'.format(\n                    name=form['server_ssl_profile_name'], cert=form['server_ssl_cert'], key=form['server_ssl_key'], chain=chain_cmd)\n        elif action == 'ROLLBACK':\n            cmd = 'delete ltm profile server-ssl {name}'.format(name=form['server_ssl_profile_name'])\n        else:\n            cmd = 'list ltm profile server-ssl {name}'.format(name=form['server_ssl_profile_name'])\n        tmsh_commands.append(cmd)\n\n    if form['http_profile_opt'] == 'Create New HTTP Profile':\n        if action == 'IMPLEMENT':\n            cmd = 'create ltm profile http {name} defaults-from http'.format(name=form['http_profile_name'])\n        elif action == 'ROLLBACK':\n            cmd = 'delete ltm profile http {name}'.format(name=form['http_profile_name'])\n        else:\n            cmd = 'list ltm profile http {name}'.format(name=form['http_profile_name'])\n        tmsh_commands.append(cmd)\n    return tmsh_commands\n\n\ndef create_persistence(action, **form):\n    \"\"\"Create persistence\n    Args:\n        action(str): Purpose of the command\n        form(dict): Form data\n    Returns:\n        list: List of tmsh command to create persistence\n    \"\"\"\n    if form['persistence_opt'] == 'Create New Persistence':\n        persist_type = form['persistence_type']\n        logger.info(persist_type)\n        if action == 'IMPLEMENT':\n            logger.info(\"Inside Implement\")\n            if persist_type == \"source-addr\":\n                logger.info(\"inside src\")\n                persist_type = \"source_addr\"\n                logger.info(persist_type)\n            elif persist_type == \"dest-addr\":\n                logger.info(\"Inside Dest\")\n                persist_type = \"dest_addr\"\n                logger.info(persist_type)\n            tmsh_command = 'create ltm persistence {typ} {name} defaults-from {default}'.format(\n                            typ=form['persistence_type'], name=form['persistence_name'], default = persist_type)\n        elif action == 'ROLLBACK':\n            tmsh_command = 'delete ltm persistence {typ} {name}'.format(typ=form['persistence_type'], name=form['persistence_name'])\n        else:\n            tmsh_command = 'list ltm persistence {typ} {name}'.format(typ=form['persistence_type'], name=form['persistence_name'])\n        return [tmsh_command]\n    return []\n\n\ndef create_snat_pool(action, **form):\n    \"\"\"Create snat pool\n    Args:\n        action(str): Purpose of the command\n        form(dict): Form data\n    Returns:\n        list: List of tmsh command to create snat pool\n    \"\"\"\n    if form['snat_opt'] == 'SNAT Pool':\n        if action == 'IMPLEMENT':\n            ip_list = [row['txt_snat_ip'] for row in form['tab_snat_pool'] if row['action'] != 'delete']\n            tmsh_command = 'create ltm snatpool {name} members add {{ {ip} }}'.format(name=form['snat_pool_name'], ip=' '.join(ip_list))\n        elif action == 'ROLLBACK':\n            tmsh_command = 'delete ltm snatpool {name}'.format(name=form['snat_pool_name'])\n        else:\n            tmsh_command = 'list ltm snatpool {name}'.format(name=form['snat_pool_name'])\n        return [tmsh_command]\n    return []\n\n\ndef create_monitor(action, **form):\n    \"\"\"Create monitor\n    Args:\n        action(str): Purpose of the command\n        form(dict): Form data\n    Returns:\n        list: List of tmsh command to create monitor\n    \"\"\"\n    if form['create_monitor'] == 'Yes':\n        if action == 'IMPLEMENT':\n            recv_cmd = (' recv \"' + form['monitor_recv_string'].strip() + '\"') if form['monitor_recv_string'].strip() else ''\n            send_cmd = (' send \"' + form['monitor_send_string'].strip() + '\"') if form['monitor_send_string'].strip() else ''\n            https_params = (' cert ' + form['monitor_cert'] + ' key ' + form['monitor_key']) if form['monitor_type'] == 'https' else ''\n            tmsh_command = 'create ltm monitor {typ} {name} interval {interval} timeout {timeout}{send}{recv}{https} defaults-from {default}'.format(\n                                typ=form['monitor_type'], name=form['monitor_name'], interval=form['monitor_interval'], https=https_params,\n                                timeout=form['monitor_timeout'], send=send_cmd, recv=recv_cmd, default=form['monitor_type'])\n        elif action == 'ROLLBACK':\n            tmsh_command = 'delete ltm monitor {typ} {name}'.format(typ=form['monitor_type'], name=form['monitor_name'])\n        else:\n            tmsh_command = 'list ltm monitor {typ} {name}'.format(typ=form['monitor_type'], name=form['monitor_name'])\n        return [tmsh_command]\n    return []\n\n\ndef create_pool(action, **form):\n    \"\"\"Create pool\n    Args:\n        action(str): Purpose of the command\n        form(dict): Form data\n    Returns:\n        list: List of tmsh command to create pool\n    \"\"\"\n    if action == 'IMPLEMENT':\n        #Pool members section\n        pms = ''\n        for row in form['tab_pool_members']:\n            pms += ' ' + row['txt_pool_member_ip'] + ':' + row['txt_pool_member_port']\n            if form['lb_method'] == 'ratio-member':\n                pms += ' { ratio ' + row['txt_pool_member_ratio'] + ' }'\n        pms = '{' + pms + ' }'\n\n        #Pool monitors section\n        monitor_list = [form['monitor_name']] if form['create_monitor'] == 'Yes' else []\n        monitor_list += form['existing_monitors'].split(',') if form['existing_monitors'].strip() else []\n        monitor_cmd = (' monitor ' + ' and '.join(monitor_list)) if monitor_list else ''\n        tmsh_command = 'create ltm pool {name} load-balancing-mode {lbmode} members add {members}{monitor}'.format(\n                            name=form['pool_name'], lbmode=form['lb_method'], members=pms, monitor=monitor_cmd)\n    elif action == 'ROLLBACK':\n        tmsh_command = 'delete ltm pool {name}'.format(name=form['pool_name'])\n    else:\n        tmsh_command = 'list ltm pool {name}'.format(name=form['pool_name'])\n    return [tmsh_command]\n\n\ndef get_create_vip_command(**form):\n    \"\"\"Get create ltm virtual command\n    Args:\n        action(str): Purpose of the command\n        form(dict): Form data\n    Returns:\n        str: TMSH command to create virtual server\n    \"\"\"\n    profile_list = []\n    persist = ''\n    snat_cmd = ''\n    irule_list = form['irules'].split(',') if form['irules'].strip() else []\n\n    if form['persistence_opt'] == 'Use Existing Persistence':\n        persist = form['persistence']\n    elif form['persistence_opt'] == 'Create New Persistence':\n        persist = form['persistence_name']\n\n    if form['client_ssl_opt'] == 'Use Existing Client SSL Profile':\n        profile_list += [form['existing_client_ssl']]\n    elif form['client_ssl_opt'] == 'Create New Client SSL Profile':\n        profile_list += [form['client_ssl_profile_name']]\n\n    if form['server_ssl_opt'] == 'Use Existing Server SSL Profile':\n        profile_list += [form['existing_server_ssl']]\n    elif form['server_ssl_opt'] == 'Create New Server SSL Profile':\n        profile_list += [form['server_ssl_profile_name']]\n\n    if form['http_profile_opt'] == 'Use Existing HTTP Profile':\n        profile_list += [form['existing_http_profile']]\n    elif form['http_profile_opt'] == 'Create New HTTP Profile':\n        profile_list += [form['http_profile_name']]\n\n    if form['snat_opt'] == 'SNAT Pool':\n        snat_cmd = ' snatpool ' + form['snat_pool_name']\n    elif form['snat_opt'] == 'automap':\n        snat_cmd = ' snat automap'\n\n    irule_cmd = (' rules { ' + ' '.join(irule_list) + ' }') if irule_list else ''\n    profile_cmd = (' profiles add { ' + ' '.join(profile_list) + ' }') if profile_list else ''\n    persist_cmd = (' persist replace-all-with { ' + persist + ' }') if persist else ''\n    pool_cmd = ' pool ' + form['pool_name']\n\n    vip_cmd = 'create ltm virtual {name} destination {ip}:{port} ip-protocol tcp {pool}{persist}{profiles}{rules}{snat}'.format(\n                name=form['vip_name'], ip=form['vip_ip'], port=form['vip_port'], pool=pool_cmd,\n                persist=persist_cmd, profiles=profile_cmd, rules=irule_cmd, snat=snat_cmd)\n    return vip_cmd\n\n\ndef create_vip(action, **form):\n    \"\"\"Create vip\n    Args:\n        action(str): Purpose of the command\n        form(dict): Form data\n    Returns:\n        list: List of tmsh command to create vip\n    \"\"\"\n    if action == 'IMPLEMENT':\n        tmsh_command = get_create_vip_command(**form)\n    elif action == 'ROLLBACK':\n        tmsh_command = 'delete ltm virtual {name}'.format(name=form['vip_name'])\n    else:\n        tmsh_command = 'list ltm virtual {name}'.format(name=form['vip_name'])\n    return [tmsh_command]\n\n\ndef create_objects(db, action, device_row, **form):\n    \"\"\"Create F5 objects\n    \"\"\"\n    tmsh_commands = []\n    if action == 'IMPLEMENT':\n        tmsh_commands += create_profiles(action, **form)\n        tmsh_commands += create_persistence(action, **form)\n        tmsh_commands += create_snat_pool(action, **form)\n        tmsh_commands += create_monitor(action, **form)\n        tmsh_commands += create_pool(action, **form)\n        tmsh_commands += create_vip(action, **form)\n    else:\n        tmsh_commands += create_vip(action, **form)\n        tmsh_commands += create_pool(action, **form)\n        tmsh_commands += create_monitor(action, **form)\n        tmsh_commands += create_snat_pool(action, **form)\n        tmsh_commands += create_persistence(action, **form)\n        tmsh_commands += create_profiles(action, **form)\n    logger.info('TMSH Commands: ' + str(tmsh_commands))\n    return tmsh_commands\n\n\ndef create_vip_main(action, **form):\n    \"\"\"Main method for create virtual server\n    Args:\n        action(str): Purpose of the commands\n        form(dict): Form data\n    Returns:\n        list: List of TMSH commands\n    \"\"\"\n    connection = appviewx.db_connection()\n    db = connection.appviewx\n    device_row = get_device_info(db, form['device'])\n    logger.info('device_row: ' + str(device_row))\n    tmshell = ['tmsh'] if is_bash_shell(device_row['name'], device_row['ip']) else []\n    shell_close_commands = ['save sys config'] if action in ('IMPLEMENT', 'ROLLBACK') else []\n    tmsh_commands = create_objects(db, action, device_row, **form)\n    tmsh_commands = add_cli_transaction(tmsh_commands, device_row['tmosVersion']) if action in ('IMPLEMENT', 'ROLLBACK') else tmsh_commands\n    quitshell = ['quit'] if is_bash_shell(device_row['name'], device_row['ip']) else []\n    return tmshell + tmsh_commands + shell_close_commands + add_sync_command(device_row['version'], device_row['syncFailoverGroupName']) + quitshell", "scriptType": "Python", "name": "oob_f5_create_vip", "description": "Out Of the Box - F5 Create VIP"}