{"id": "appviewx", "scriptContent": "\n'''\nAppviewx mongoDB connection for internal purpose\n\n'''\nimport sys\n\nglobal conn\n\nconn = None\n\nsys.path.insert(0,AVX::DEPENDENCIES)\n\nfrom pymongo import MongoClient\n\nimport os\n\nimport sys\n\npath = os.path.dirname(os.path.abspath(__file__))\n\n\n\n# Conf file parser\n\nCOMMENT_CHAR = '#'\n\nOPTION_CHAR =  '='\n\n\n\ndef get_conf_file():\n\n\n\n    ''' \n\n    Appviewx conf file path \n\n\n\n    '''\n\n\n\n    conf_file = path + '/../../conf/appviewx.conf'\n\n    if os.path.exists(str(conf_file)):\n\n        return conf_file\n\n    else:\n\n        print (\"wrong configuration file\")\n\n        sys.exit()\n\n\n\ndef get_db_credentials():\n\n    #where_am_i = os.path.dirname(os.path.realpath(__file__)) #path of this script\n\n    from configobj import ConfigObj\n\n    from avx_decrypt import decrypt\n\n    appviewx_properties = ConfigObj(path + '/../../properties/appviewx.properties')\n\n    db_EncryptedPassword = appviewx_properties['APS_MONGO_ENCRYPTED_PASSWORD']\n\n    db_username = appviewx_properties['APS_MONGO_USERNAME']\n\n    db_name = appviewx_properties['MONGO_AUTHENTICATION_DB']\n\n    db_password = decrypt(db_EncryptedPassword)\n\n    return db_username, db_password, db_name\n\n\n\ndef get_java_path():\n\n\n\n    ''' \n\n    Appviewx Java path \n\n\n\n    '''\n\n\n\n    decrypt_jar_path = path + '/../../jre/bin/java'\n\n    if os.path.exists(str(decrypt_jar_path)):\n\n        return decrypt_jar_path\n\n    else:\n\n        print (\"could not locate java\")\n\n        sys.exit()\n\n\n\n\n\n\n\ndef get_conf_content(filename):\n\n    options = {}\n\n    f = open(filename)\n    dic_key =''\n    for line in f:\n        line = line.strip('\\n')\n        # First, remove comments:\n\n        if line.startswith(COMMENT_CHAR):\n            # split on comment char, keep only the part before\n            continue\n            #line, comment = line.split(COMMENT_CHAR, 1)\n            \n        # Second, find lines with an option=value:\n          \n        if OPTION_CHAR in line:\n            # split on option char:\n\n            option, value = line.split(OPTION_CHAR, 1)\n\n            # strip spaces:\n            \n            option = option.strip()\n\n            value = value.strip()\n\n            # store in dictionary:\n            options[dic_key][option] = list()\n            if dic_key == 'MONGODB' and option =='HOSTS':\n               options[dic_key][option]=value.split(',')\n            else:\n               options[dic_key][option].append(value)\n        elif line.startswith('[') and line.endswith(']'):\n            dic_key = line[1:-1]\n            options[dic_key]= dict()\n\n    f.close()\n    return options  \n\n\n\n\n\ndef db_connection():\n\n    \n\n    ''' \n\n    Connect to mongo replicaSet.\n\n\n\n    '''\n\n    global conn\n\n    from pymongo import MongoClient,ReadPreference    \n\n    username,password,dbname = get_db_credentials()\n    \n    conf_file = get_conf_file()\n\n    conf_content = get_conf_content(conf_file)\n\n    if conf_content['ENVIRONMENT']['MULTINODE'][0].lower() == 'true':\n\n        mongo_ip=conf_content['MONGODB']['HOSTS'][0]\n\n        mongo_secondary_ips = conf_content['MONGODB']['HOSTS'][1:]\n\n        try:\n\n            conn = MongoClient(mongo_ip,read_preference=ReadPreference.PRIMARY)\n\n            conn.admin.authenticate(username,password,source=dbname) \n\n        except Exception:\n\n            for mongoip in mongo_secondary_ips:\n\n                try:\n\n                    conn = MongoClient(mongoip,read_preference=ReadPreference.PRIMARY)\n\n                    conn.admin.authenticate(username,password,source=dbname) \n\n                    break\n\n                except Exception:\n\n                    mongo_ip=mongoip\n\n                    continue\n\n            else:\n\n                print('Could not connect to DB')\n\n                sys.exit(1)\n\n\n\n    else:\n\n        try:\n\n            host=conf_content['MONGODB']['HOSTS'][0]\n\n            conn = MongoClient(host)\n\n            conn.admin.authenticate(username,password,source=dbname) \n            \n        except Exception as e:\n\n            print (\"db could not connect\")\n\n            print (e)\n\n            sys.exit() \n\n    return conn\n\n    \n\ndef db_close():\n\n    if hasattr(conn,'close'):\n\n        conn.close()\n\n\nimport atexit\n\natexit.register(db_close)\n\n", "scriptType": "Python", "name": "appviewx", "description": "This script is invoked in other helper scripts in order to establish database connection"}